{
  "n": 30,
  "cot_correct_rate": 0.6,
  "correlations": {
    "spearman_sigma_length": {
      "stat": 0.09543937708565071,
      "p": 0.6158936414251933
    },
    "spearman_mu_length": {
      "stat": NaN,
      "p": NaN
    },
    "spearman_delta_length": {
      "stat": 0.3110855084191276,
      "p": 0.09426914703651273
    },
    "spearman_directmatch_length": {
      "stat": 0.16090629745816945,
      "p": 0.39564408259742656
    },
    "pearson_sigma_length": {
      "stat": 0.0949804921437013,
      "p": 0.6175994628848529
    },
    "pearson_mu_length": {
      "stat": NaN,
      "p": NaN
    }
  },
  "regression_r2": {
    "sigma": 0.00902129388785955,
    "sigma_delta": 0.0831800749056002,
    "sigma_delta_kappa": 0.13473246008461648
  },
  "decomposition": {
    "tau": 0.2,
    "populations": {
      "early_correct": {
        "n": 1,
        "mean_length": 28040.0,
        "median_length": 28040.0,
        "mean_correct": 0.0
      },
      "early_incorrect": {
        "n": 29,
        "mean_length": 12525.965517241379,
        "median_length": 12550.0,
        "mean_correct": 0.6206896551724138
      },
      "low_commitment": {
        "n": 0,
        "mean_length": null,
        "median_length": null,
        "mean_correct": null
      }
    },
    "early_incorrect_over_early_correct_length_ratio": 0.4467177431255841,
    "bootstrap_ratio_tau_sweep": {
      "tau_0.15": {
        "tau": 0.15,
        "n_boot": 2000,
        "defined_frac": 0.6645,
        "mean": 0.44352409467024484,
        "median": 0.44393108367356976,
        "ci_low": 0.34775373944762505,
        "ci_high": 0.5434421725577218
      },
      "tau_0.20": {
        "tau": 0.2,
        "n_boot": 2000,
        "defined_frac": 0.6645,
        "mean": 0.44352409467024484,
        "median": 0.44393108367356976,
        "ci_low": 0.34775373944762505,
        "ci_high": 0.5434421725577218
      },
      "tau_0.25": {
        "tau": 0.25,
        "n_boot": 2000,
        "defined_frac": 0.0,
        "mean": null,
        "ci_low": null,
        "ci_high": null
      },
      "tau_0.30": {
        "tau": 0.3,
        "n_boot": 2000,
        "defined_frac": 0.0,
        "mean": null,
        "ci_low": null,
        "ci_high": null
      }
    }
  },
  "partial_correlations": {
    "spearman_delta_length_given_correct_kappa_sigma": {
      "stat": 0.27055700672695954,
      "p": 0.14815943403856963
    },
    "spearman_sigma_length_given_correct_kappa": {
      "stat": 0.33108788314594934,
      "p": 0.07390876558719835
    }
  },
  "pre_registered": {
    "P1_delta_spearman_sigma_minus_mu": 0.09543937708565071,
    "P1_pass": false,
    "P2_delta_R2": 0.07415878101774065,
    "P2_pass": true,
    "P3_ratio_prejudice_over_intuition": 0.4467177431255841,
    "P3_pass": false
  }
}