{
  "n": 100,
  "cot_correct_rate": 0.6,
  "correlations": {
    "spearman_sigma_length": {
      "stat": -0.17606960696069604,
      "p": 0.07972628660715603
    },
    "spearman_mu_length": {
      "stat": -0.11364842941983157,
      "p": 0.26022987829208166
    },
    "spearman_delta_length": {
      "stat": 0.23264769591361234,
      "p": 0.019843973901408053
    },
    "spearman_directmatch_length": {
      "stat": 0.0009449584316259062,
      "p": 0.9925552224741778
    },
    "pearson_sigma_length": {
      "stat": -0.1912547850034995,
      "p": 0.0566323426254224
    },
    "pearson_mu_length": {
      "stat": 0.01669626220052595,
      "p": 0.8690423980702294
    }
  },
  "regression_r2": {
    "sigma": 0.036578392786734804,
    "sigma_delta": 0.047918824945754945,
    "sigma_delta_kappa": 0.04868104219307712
  },
  "decomposition": {
    "tau": 0.3,
    "populations": {
      "early_correct": {
        "n": 2,
        "mean_length": 3459.5,
        "median_length": 3459.5,
        "mean_correct": 1.0
      },
      "early_incorrect": {
        "n": 12,
        "mean_length": 4955.833333333333,
        "median_length": 2459.0,
        "mean_correct": 0.6666666666666666
      },
      "low_commitment": {
        "n": 86,
        "mean_length": 7364.081395348837,
        "median_length": 4069.0,
        "mean_correct": 0.5813953488372093
      }
    },
    "early_incorrect_over_early_correct_length_ratio": 1.4325287854699618,
    "bootstrap_ratio_tau_sweep": {
      "tau_0.15": {
        "tau": 0.15,
        "n_boot": 2000,
        "defined_frac": 1.0,
        "mean": 0.9778443537701932,
        "median": 0.7308072239711793,
        "ci_low": 0.29676969928063945,
        "ci_high": 3.0657909511133834
      },
      "tau_0.20": {
        "tau": 0.2,
        "n_boot": 2000,
        "defined_frac": 0.9955,
        "mean": 1.7615708710374682,
        "median": 1.4905811623246492,
        "ci_low": 0.6679879868143827,
        "ci_high": 3.858235162755299
      },
      "tau_0.25": {
        "tau": 0.25,
        "n_boot": 2000,
        "defined_frac": 0.857,
        "mean": 1.7845160571136314,
        "median": 1.5893462522542907,
        "ci_low": 0.7590564217155045,
        "ci_high": 3.6216245962265634
      },
      "tau_0.30": {
        "tau": 0.3,
        "n_boot": 2000,
        "defined_frac": 0.857,
        "mean": 1.60495679038819,
        "median": 1.320221799779143,
        "ci_low": 0.4155807560137457,
        "ci_high": 4.155950037394612
      }
    }
  },
  "partial_correlations": {
    "spearman_delta_length_given_correct_kappa_sigma": {
      "stat": 0.18326218974562375,
      "p": 0.067990335509428
    },
    "spearman_sigma_length_given_correct_kappa": {
      "stat": -0.23459822801725522,
      "p": 0.01880494927119873
    }
  },
  "pre_registered": {
    "P1_delta_spearman_sigma_minus_mu": -0.06242117754086447,
    "P1_pass": false,
    "P2_delta_R2": 0.011340432159020142,
    "P2_pass": false,
    "P3_ratio_prejudice_over_intuition": 1.4325287854699618,
    "P3_pass": false
  }
}